method,robustness_auc,clean,at20,drop,task
Core-Norm,0.7622513505367137,0.8376388836044897,0.7099929936910409,0.1276458899134488,classification
Core-Norm ablation — residual channel removed,0.7439373717475978,0.8333227182135994,0.6749642589939381,0.1583584592196613,classification
Quantile-Normal,0.7383521144865024,0.8346511408601147,0.6774893963963444,0.1571617444637703,classification
No scaling,0.5751913499513901,0.8163151254402982,0.5004008310033974,0.3159142944369008,classification
Winsorized Z-score,0.5720069202656811,0.8384652027863206,0.4773822485339256,0.361082954252395,classification
Yeo-Johnson,0.5677215967921592,0.8380805901003625,0.4755442624843676,0.3625363276159949,classification
Z-score,0.5581473269609061,0.8378502932490219,0.4755363191894132,0.3623139740596087,classification
RobustScaler,0.5561120175838683,0.8263342694706723,0.4743620231677146,0.3519722463029577,classification
Min-Max,0.5501250712651858,0.8322316545858897,0.4704942045610664,0.3617374500248232,classification
