x1,x2,x3,x4,x5,x6,x7,x8,x9,x10,target
0,0.978547433406,0,0,0,-2.53035842624,0,0,0.889166810989,0,-1.9020821715
0,0,0,0.956043906133,0,0,1.36451097077,0,0,0,0.352855655623
0,0.117536572654,0.255599140022,-1.40545869125,0.829996468068,0,0,-0.434821317818,0.615068488755,0,-1.38879528367
0,0.605215685054,0.527586990266,0.264043238764,-1.80927567089,0,0,0,-3.21063473126,0,0.61445982584
0,0,0.224274356249,0,0,0,0,0,0,0,0.171981143293
0,0,0,0,-0.797421519817,0,0,-0.500808915759,0.0578140147195,0,0.0670361498466
0,-1.59515724101,0,0,0,0.170470923701,0,0,0,0,3.88520064338
0.980234520078,0,0,0,-0.838119524375,0,0,-0.570135171103,0,0,2.7407051481
0,0,-0.142041666248,0,0.210267995665,0,0,0,0,0,-0.605787835925
0.685007593561,-0.154107201193,0,0,0,0,0,-0.4120248081,0,0,1.92872248801
0,0,0,0,0,0,0,0,0,0,0.718427988868
0,1.44302714135,0,0.0417379381429,0,0,0,0,0,0,-2.11706541445
-1.29217588183,0.0156468539292,0,-1.21558933578,0,0,0,0,0,0.42159977596,-4.15172128198
0,0,0,0,0,0,0,-1.61830800464,0,0,-0.209123951282
-1.01825084795,0,0,0.472899901183,0,0,0,0,0,0,-2.88930923425
0,1.10393074763,0,0,0,0,0,0,0,0.649037072586,-0.521887001896
0,-0.21426514984,-0.0660927465147,0,0,1.10105886048,1.01722284096,0.262999992859,0.0864925299694,0,1.17464945283
-2.19717619502,0,0.574154222182,1.3941198449,0.19385148714,0.163186426003,-0.172485025813,0,0,0.68496137923,-3.60740779066
0,0,-1.57564780988,-0.570358289702,0,-1.48948057091,0,0,0,0.269794113743,-2.62230857229
-0.712993483502,1.21672800839,0,0,-0.147287347837,0,0,0,0.601434735706,0,-3.42399768801
0,0,-0.917187183554,0.140595918191,0,0,-1.89720994046,0,-0.186961328044,-0.845833305327,-0.443970349635
0,0,-0.198165151142,-0.836681956607,0.0590971408912,0.252294881948,0,0,0,0,-0.416044290026
0,-0.63675044024,-0.746462660904,0,0,0,0,0,0,0,1.10699720689
-0.231284256593,-0.234560547893,-1.28473375195,-0.0183459838643,0,0,0,0,0,0,-1.61847148607
0,-1.41181058372,0,0,0,0,-1.63713621225,-0.228261676495,2.21087250376,0,3.58882886826
0,0,0.231145046232,0,0,-0.787402489107,0,0,0,1.4154887933,-0.447283449653
0,0,-1.0865936395,-0.793452252145,1.40945017467,0,0,1.37331344197,0,0,-2.25668728751
-0.931048227003,-0.923629021448,0,0,-0.0535408113193,-0.183491052737,0,-0.530232073915,-0.0545331713391,0,-0.644208648796
0,0,0,0,0.484268713952,0,-0.759611766404,0,-1.17714128874,-1.08693021372,-0.47041888825
0,0,-0.454796310102,0,0,0,0,-0.588502465585,0,0.856460191477,-1.40715385252
0,0,0,0,0,0.9379031568,0,0,0,0,0.804454563914
0,0,0,0,0,-0.80865083885,1.64349659064,0,0.695686469626,0,-1.00796176088
0,-1.44091141884,0,0,-2.40962018571,0,0,-0.0978651393884,-0.123681891844,0,4.21440602852
-1.16308929892,0,0,0,-1.05307476645,0,0,0,0,0,-2.41397996504
0,-1.28222780548,0,1.33994123587,0,0,0.151995291695,0,0,0,2.75634916772
0,0,0,0,0.839616199543,0,0,0,0.100014274449,0,0.0206920253486
0.616981518275,-1.7944751699,0,0,-0.64584599964,0,-0.107492854919,0,0,0,5.15345426313
0,0,0.0887474116268,0.979262675227,-1.45751154908,0,0,0,0,0.361519982018,1.88801005479
0,0,0,0,-2.09554374511,-1.28991643232,0,0,0,0,0.672085771072
2.44489750509,0.126634015752,0,-0.0982979414987,1.16665234516,0,0,0.44636696552,0,-1.24903947473,4.82593525427
0,-0.560425796523,0,0,0,-0.133085406054,0,0.317214008162,0,-0.795199789739,0.316782952434
1.55689925731,0,0,0.176104885124,0,0,0.977959433312,0,0,0,3.58716927527
0,0,0,0,0,0,0.129652193156,0.0166358149886,-0.000658291182953,0,0.0654123790811
0,0,0,0,1.02100590644,0,0,0,1.24221990707,0,-0.57416013703
-1.97718211953,0,-0.182054874955,0,0,0,0,-0.435197848636,0,0,-5.02322164133
0,0,0,-0.983925757385,0,0,0,0,0,1.53882968594,-0.427650825903
0,0,1.28347718694,0,0,-0.150027231761,0.736749065671,0,0,1.36102342103,0.649878694212
1.95228175155,0,0,0,0,0,0,-0.50070341558,0,-1.66344395502,4.38630042062
0.594658774653,0,0,-1.07551525827,0,0.542370536452,1.71186772943,0,0,0,-0.531221834635
0,-1.98879173481,2.20800130736,0,0,-0.7735853009,0,0,-0.968967195109,0,5.40320037956
0,0,0,0,0,0,1.03666523302,0,0,0,-0.253004283476
0,0,-0.0968305991946,0,0,0.25040218523,0,0.346818054458,0,-0.971467974151,0.554024043373
0,0,0,0,0,0,0,0,0,0,0.0754561087139
0,0.1454853075,0,0,0.328804268744,0,-0.777183829563,0,0,0,-0.48086425521
0.756143689898,-0.566531748236,0.0687623493396,-0.271611114414,0,0,0,0,0,0,2.63163867088
0,1.80544624853,-2.47949757602,0,0,0,0,0,0,0,-3.70837865702
0,0,0,0,0,-0.655002496549,0,0,0,0,-0.257222797523
0,0,0,0,0,0,0,0,0,0,0.0839219307272
0,0,1.00942989989,0,0,1.05612976939,0,0,0,0,2.25446724642
0,0,0,-1.31360088823,0.785510445053,0,0.460176613018,0,0,0,-1.02721833943
0,0.379867707362,0,0,0,0,0,0,0,0,-1.1359808263
0,0,0,-1.06713622402,0,0,0,0.240038828451,-0.936151718432,0,-0.961774725363
0,0,1.00534402057,2.3690482841,0,0.697512996224,0,0,0,0,3.16998871087
-1.04690574592,0,-1.61514761728,-1.1775763786,0,0.442339486613,-1.44736194378,-0.248589609102,0,0,-4.43164136342
0,1.49050124288,0,0,-0.580413122417,-0.443121956141,0,0,0,0,-1.11886244126
0.199962122147,0,0,2.17619610959,0,0,0,0,0,0,2.63586059263
-1.52247993017,-0.362127861754,0,0.444363669786,0,0,-2.56125985423,0.559461414861,0.162197887948,-0.378456904221,-1.20091389869
0,0,0.448010138316,0,1.23631361969,0,0,0,0,0,-0.973141298917
1.01400181319,-1.12801467973,0,0,0,0,0,-1.13465981905,0,0.361403066708,3.61989203062
0,-0.274545797704,0,0.000580482225415,0,0,-1.602635802,-0.230077136428,0,0,1.1194931504
-1.70702611928,0,0,0,-0.944204578354,0,0.96807152558,0,0,0,-4.3360166608
0,0,0,-0.901536086597,0,0,-1.5408396648,0,0,-0.759514016105,-0.107441445183
0,-0.862404878262,0,0.206635164187,0,0,0,0.307672870014,0,0.214651170548,2.14596075096
-0.835816505334,0,0,0,0,0,0,0,0.101887060791,0,-2.70149559435
0,0,0,-1.41219852706,0.416919722871,0,0,0,0.167566957649,-0.262465810899,-1.78929943552
0,0,0,0,0,0,-1.26538263684,0,0,0,0.937706756141
0,0,0.663552297936,0,-0.585642228086,0,0,0,0,0,1.39228025955
0,0,0,0.430008627045,0,-0.221254616454,0.834260261273,0,0,0,-0.305531051591
0,-0.688549789217,-1.24221275007,0.034879028875,0,0,0.802078623245,0,1.35567500884,0.889057963703,-0.469917757341
0,0,0,0.627263208879,1.00210662391,0,0,0.0705623136275,0,0,-0.258009758837
-0.114226861437,0,0,0,0,0,0,0,0.0592818081821,-0.22246720713,-0.165481883544
0,0,0,0,0.0853869072073,0,-1.34779784378,0,-0.338210003177,0,-0.17150909702
-0.440568371139,0,0,1.2199342869,-0.0867705109612,0.84864194167,0.594123542627,0.152884554372,0,0,0.178057300123
-2.02053021671,0,0,0,0,0,0,0,0.471038617695,0,-4.52414391613
-0.25433834736,1.15816751632,0.235877744861,0,0,0.631072746392,0,0,0,0,-0.874378389485
0,0,0,0,0,0,0,0,0,0,0.128751094875
0,-0.095582894888,0,0,0,-0.547406078801,0,0.727502296662,0,0,0.0439035360828
0,0.977050348695,0,-1.55404287392,0,1.3707366662,0,1.62394165254,0,0,-0.949024144863
0,0,0.0453620444141,0,0,0,0.144486455723,0,0,1.14229516526,-0.402847201145
0,0.30687569203,2.04423214743,0,-0.966754022622,0,0,0,-0.635465630947,0,2.98187423515
0,0,0,0,0.794612436008,0,0,0,0,0.589124866282,-0.409568315919
0,0,0,0,0,0,0,0.355548509494,0,-0.0373934629365,-0.770180366984
0,0,0,0,-0.64548531645,0,0.0170680372141,0.465510583094,0,-0.294363094404,0.615416268982
0,0.279742624683,0,0,-0.504896457008,0,0,0,0,0,0.335237960308
0,-0.0428984785206,0.374816075225,0,0.305804881781,0,0,0,0,0.309807278039,-0.195589502379
0,0,0,0,0,0,0,-0.829321421277,0,0.339601231143,-0.080588885196
0,0,-0.20197063381,0,0,0,0,0,0,-0.324244013713,0.0303551087517
2.099971715,0,0,0,0,0,-0.914050366935,0,0,-1.21571232401,4.69224592007
0,0,0,0,1.2907435195,-0.305531213916,0,-0.198794031074,0.92633369056,0.796245742397,-1.32196460174
0,0,1.5095509976,0,0,0.364555299708,-0.122680676544,1.76943822751,0,0,2.48318734096
0,0,0,0,1.19875323107,0,0,0,0,0,-0.367277260003
-0.363572177234,0,0,0,0,0.857766003174,1.17844791692,0,0,0.496380395828,-0.832613524443
0,0,0,-0.597037484443,0,0,-0.493436603501,0,-1.29704713364,0,-0.726551488926
0,1.64516223682,0,0.472955440946,0,0,0.472801957351,0,0,0.520453252185,-0.967661398754
0.583278075062,0,-0.910049694284,0,0.673913044206,0,0,0.149558065104,0,0.0774980564819,0.512573182342
0,0,0,0,1.78119542036,0,0,0,-1.31375866721,1.4606575727,-2.41488038182
0,-0.364874340142,-0.210246113145,0,0,0,0,0,0,0,0.828780376646
0,0,0,-0.097657572036,0.510504076228,0,-1.03774844534,0,0,-1.47927146591,0.583796284844
0,0,0,1.40634251593,0.0631823042068,0,0,0,0,0,0.65600516775
0.443679242469,0.870100937049,-0.941344754843,0,0,-0.193120652726,0,0,0.0763559276945,0.879113376707,-0.145403043499
0,0,0.222162911705,0,0,0,0.958737790084,0.264931313932,0,-0.314442676978,0.177835870901
-0.366427969141,0,0,0,0,0.110990410929,0,1.94545049341,0,-1.74589314075,0.602706974466
0,0,0,0,-0.413298973562,0.680623950545,1.10097815763,0,-1.5391844233,-0.830460531449,-0.464274677906
0,0.538217553211,0,-0.120264587939,2.35372575338,0,0,0,0,0,-2.25831929021
0,0,0.513659202723,0,0,0,0,0,-1.32928344894,-0.57286127439,0.448915472904
-1.09418238471,0,0,0.886540951985,0.821940762075,0,1.13790405979,0,0,0,-3.31076747976
1.51720619166,0,0,0,0,0,0,-0.266026649924,-0.504020035442,0,3.91417923207
0,0,0,-0.930913035815,0.908949246366,1.27387516406,0,0,0,0,-1.0576830845
0,0,0.283240062003,0,-0.848310446269,0,0,0,0,0,1.2424354515
0,1.98396592028,0,0,0,0,-0.659641669954,0,-0.674613495089,0,-1.39166943423
-0.517846466923,0,0,0,0,-1.1888233144,0,0,0,0,-2.21705960078
0,-2.15311462714,0,0,0.712568547686,0,0,0.342206661674,0,0,4.78598102723
0,0,1.22042491332,0,0,-1.70332611513,1.48733537904,0,0,0.196759132875,-0.583799057705
1.54153016134,-0.368237421601,0,-1.54496307831,0,-1.09068805733,0,0,-0.628630015634,0,2.39817074528
0,0,-0.681715805969,0,0,0,1.26562395378,0,0,0,-0.477333498055
0,0,0,0.40461903519,0,0,-1.17025931796,1.7801276105,0,-1.49511224163,2.29634409473
0,0.442967194457,0,0,0,0,0,0,0,-0.667438927753,-0.15110001304
0,0.91113602844,1.04519101122,0.0139494727707,0,0,0.848551718807,0,0,-0.748432137187,0.119191473892
0,-0.217887983974,-0.659544976035,1.69435630549,0,0,0,0,0,0,0.729056494587
1.28109761616,0,0,1.42733326116,-0.186377618332,0,0,0,0,0,5.1969144132
0,0,0,0,1.49706862054,0,0.822256339337,-0.952654653472,0,0,-2.14696538524
0,0,1.34568998496,-0.249855735008,-0.476234798597,0,-1.75502843354,-0.801796200844,-0.646782260123,0,1.39665606953
0,0.980019368676,0,0,0,0,0,0,0,0,-0.326859734813
-0.40659310561,0.624002173486,0,0,0,0.722533400799,-0.678661632417,-1.35793743001,1.14054811104,0,-1.73152411722
0,0,0,-0.586707695217,0,0,0,3.05904500728,0.269961882689,0,0.975237886912
0,0,0,0,0,0,0,0,0.822478498346,0,-0.250446465547
-0.429084625452,0,0,0,0,0,0,0.819639232326,0,0,-0.326241740381
0,-1.21231434675,0.297099729852,0,-1.80808881976,0,0,0,-0.858204761478,0,3.54301270947
-1.0035214855,-0.328861661778,1.04559135396,0,0,0,0,0,0,0,-0.470781672608
0,-0.493720550328,0,0.542420413027,0,0.440349014561,0.250034289387,0,0,0,1.47343600767
0,-0.941904281858,0,0,0,0,0.576021258511,0,0,0,1.73208526523
0,-1.61825658591,-1.00787486333,0,0,0,0,0,0.0969150182004,0.321046216457,1.91601679171
0,0,0,0,1.2671326421,1.29622364333,0,0,0,0,0.339116699378
0,0,1.41158263155,0,1.63496889091,-0.408185511062,-0.314930098464,0,0.774690765857,0,0.967221616522
-0.570154721368,0,-1.79948484813,-2.17612155344,2.12821476641,0,0,0,0,0,-7.13176850809
0,0,0.989307105895,0,0,-0.470270332253,0,2.40773053997,0.446693095001,1.51985364057,2.29465655389
-0.574524010295,0,0,-0.347797648811,0,1.66027534416,0,-0.252443566891,-1.27034497417,0.795270003795,-1.39252093418
0,-0.101898085483,-0.012666270165,0,0.291774072651,0,0,0,0.964739838653,0,0.356455582006
0,0.953627217024,-0.431042017855,0,-0.505815237613,0,-0.206433095451,-0.936270352933,-1.34696114097,-0.413986674151,-1.83543960048
0,0,0,2.40299345266,0,0,0,0,0,0,2.28642834678
0,0.678163021648,0,0,0,0,0,0,-0.858966943733,0,-0.944701270006
0.814906680613,0,0,0,0,0,0,0,0,0,1.95142885066
0,0,0,0,0,0,-0.0414899192791,0,0,0,0.138482362126
0,-0.567954624488,0,-0.0523538213955,-0.638193859325,0,0,-0.569828334877,0,0,1.13788382228
0,0,0,0,0,0,0,0,0.14911017053,0,-0.0275387808768
0.559585305791,0,0,0,0,0,-0.191145476093,0,0,0,1.57054634941
0,0,1.00534550445,0,0,0,0,0,0,0,1.81561704748
-0.223991183293,0,0.699328403116,0.441665954814,0,1.42798741262,-0.617642954558,0,0,1.06615668315,1.19103745535
0,0,-1.02367647084,1.10313905518,0,1.08301037296,0,0,1.03719005413,0,0.412594504241
0.966398901091,0,0,-0.470888457888,0,0,0,0,0,0,2.50562797479
0,0,0.897713180184,0,0,0,0.146570103783,1.51994481353,0,0,1.39496925845
0.254334396766,0,0,0,0.343019841026,0,0,0,0,0,0.579552764296
0.249901813151,0.530132766181,0,0,1.57345599747,-0.238643086567,0,0,0,0,-1.5237457729
-1.14908574265,1.40751302396,2.06910411027,0,1.86453497155,0,-0.314505303237,1.5931244213,0,0.303348208812,-2.63768430813
0,0.316528628701,0,0,0,-0.574558071231,0,0,0,0,-0.610500210047
0,1.12595951753,0,0,0,0,0.356836181308,0,1.86957639987,0.961822975711,-0.117535460623
0,0,-0.632234433703,0.160307741934,0,0,0,0,0,0,-0.618152335535
0,0,0,0,0,0,0.76478938851,0,0,0,0.1300581903
1.42250446483,0,0,0,0.567536417915,0,0,0,0,0,2.22084847893
0,-2.24551811083,-0.966771848662,0,0,0,-2.54589123158,0.764748544802,0,1.35269750583,4.97077911353
-1.39690911955,0,0,0,0,0,0,0,1.75712566607,0,-3.47687974625
0,0,0,0,-0.394241474219,-0.0128202356908,0,0,0,0,0.755010010921
0,-0.30115597102,0.90202027418,-0.0559107564422,0,0,0,0,0,0,1.83337621356
0.146275776843,-1.74013878456,0,0,0,0,-0.784775335545,0,0,0,4.51615220447
0,0,0,0,-0.449536990982,0,0,0,0.324138928076,-1.08390100835,0.772034009497
0,0,0,0.658311593967,0,0,-0.330988329599,0,0,-1.91717276177,1.14784190553
-0.561629415272,0,-0.262848497056,0,0,0,-1.05162663108,0.089946155077,0,0,-2.17986522443
0,0,0,0.39219068495,0,1.00429414276,0.634211057963,0,0,1.41885638748,0.462728122105
0,0,0,0,0,0,0,0,-0.611210464395,0,-0.210952543202
0.290490884049,0,0,-0.247542134666,0,0,0,-0.466932362776,0,0,0.179932530717
-1.08166163419,0.461500004022,0.555383785411,0,0,0,0,0,1.16486313792,0,-3.08385855159
-0.261928967463,1.45532997674,0.436129888305,0,-0.214537425761,0.224445100846,-0.115903288996,0,0,-0.453493343682,-0.940875573816
-0.548539706191,0,-0.343427788804,0,0,0,0,0,0,0,-1.02126156393
0,0,-0.393029912326,1.06003462762,0,0,0,0,0.465739100993,0,0.0795304102848
0,1.60229699373,-2.1105557646,1.61859087305,0,0,-1.07723608761,0,0.454511487042,0,-0.853724945826
-1.08675233174,0,0,-1.27141831473,0,0,0,0,0.585356806667,0,-3.23432422695
0,0,-0.268684796559,0,0,0,0,0.625300503354,0,0.514207045732,-0.0955195269732
0,-0.0882639071118,0,0,0,0,0.427872044998,0,0,-1.01364344195,-0.708823944997
1.57362784055,0.225938730885,0,-0.723008920312,0,0.582098833023,0,-2.54254210697,-0.330050598141,0.119360625693,3.22602211108
-0.494455856285,-0.842660309245,0,0.47490634307,0,0,-0.587525205393,0,0,1.26997994496,1.11490077318
0,0,0.286380814552,0,2.32032419526,0,0,0,0,0,-1.81590379887
0,-1.39333294942,0,0,0.0961129393487,0,-1.66361450129,0.355403596535,0,0.834613969832,3.61172433418
0,0,0.324258107995,0,0,0,0,0.861365965818,0,0,0.637633289617
0.0622376108921,0,0,0,0,-0.270956280505,0,0,0,0,-0.294341153464
-1.43872011176,0,0,-0.321607673361,0.456711579703,0,0,-0.423262870054,-0.798146826603,0,-4.63105002903
0,-1.73432374999,0,0,0,0,0,0,0.894821829791,0,3.94331450221
1.07828812665,0,1.16278331688,-0.707742693223,-2.62342634177,0,0.963701008294,0,0,0,5.38078206379
0,0,0.220320540998,0,0,-1.50778068561,0,0,0,0,-0.0317407286965
0,-0.969945945779,0,0,0,0,0,0,0,0,1.87149853748
0,0,-1.91235091228,-0.15611704455,0,0,0,0,0,0,-2.85268691647
0,0,0,0.15432062329,0,0,0,0,0,0.537969327362,-0.621654662183
0.989873632072,0,0,-1.18606852009,0,-1.0415754036,0,0,0,0,0.525660121941
0.751113146959,0,-0.736958128083,0,0.27045993484,0,0,0,-1.91800058107,0,0.63545366295
0,-0.142624173577,0,1.37802241071,-1.16607567487,1.02537171731,0,0,0,0,2.24567473337
0,0,-0.158065866321,0,0.890421392078,0,0,0,0,0,-0.564170581004
0,0,0,0,0,0,0.710193217237,0,1.12478416633,-0.472544516995,-0.128520475672
0,0,0,0,0,0,-0.513498644643,0,0,0,-0.2086452269
-0.0234769550544,0,0,0,0,0,0,0,0,0.175287359191,0.342919423374
0,0,0,0,0,0,0,0,0,0,-0.160006062306
0,0,0.640451509945,0.849534174579,0,3.2197043184,0,0.895798440339,0.853537859077,0,3.44692741882
0,0,-0.288674286475,0.370876534118,1.47678333513,-2.08646303045,0.470289792857,-1.62605867667,0,0,-3.17961235183
0,0.584751309619,-0.224481280137,0,-1.80752922316,0,0,0,0,0,0.122048048581
0,0,-0.0641940207147,0,0.580541955137,-2.03667277786,1.42204934016,0,-0.186749554645,0,-1.1592370278
0,0,0,0,0,0,0,0,0,0,0.462751074543
-1.64512990148,0,0,0,0,0,0,0,0,0,-3.77444295533
0,0,0,0,0,0,0,0,-0.111388858788,0,0.0235118220677
0.173451883169,0,0,0,0,0,0,0,0,0.00801795321553,0.619906880424
0,0,0,0,0,1.49714685088,-1.29908758064,0,0.448456747924,0,1.06183514155
0,0.772434152482,0,0,0,0,0,0,0,0,-0.411050359022
-1.17891330169,0,0,0.851986245085,-2.20143418453,0,-0.00195677174056,-1.16162210786,0,0,-1.63078095791
0,-1.32604748458,0,0.473020955298,0,0,0,0,0,0,2.71440967013
0,0,0,0.51277267028,0,0,0,0,-1.93758126531,-0.136428107856,0.0424829774626
0,0,1.37805034338,0,0,0,0,0.089295995942,0,0,1.85360121888
0.695913529897,0,0,0,0,0,0,0,1.1026455192,0,1.63139008133
0,0,-0.245000373434,0.429534870472,0,0,0,0,0,-0.396873383795,0.0608420894625
1.08958562212,0,0.138615342569,0,0,0,-0.0836401187123,0,0,-0.309347718378,3.58555709672
0,0,-1.28623739675,0,-0.828032160348,0,0,0,0,1.17171442581,-1.40881376267
2.27044128053,0.592562469159,0,1.39353103386,0,0,0,0,0,-1.92693068,6.36839002149
-0.442281414375,0,0,0,-0.949350839016,0,0,0,0,0,-0.0459616434538
0,0,-0.434329134639,0,0,-0.848928167365,0,0,0,0,-1.17741934613
0,-1.68096920565,0.691746923232,0,0.739215286454,0,0,0,0,0,3.75625901081
-1.52699095737,0,0,0,0,0,0,0,0.389863188097,0,-3.54079338672
0,0,0,0,0,0,-0.239935779169,0,0.906752496085,0,0.806594598649
-1.82062432725,0,-0.100360078657,0,-1.46600292983,0,1.41762277489,-0.177429871358,0,0,-3.71705100368
-1.42025924703,0.106018914844,-1.9044760412,0,0,0,0,0,0,0.0868617965019,-5.6990402562
0,0,0,0,0,-0.306527247294,0,-0.931991259223,0,-2.85496050208,0.642998939036
-0.231552849899,0,0,-1.42197680188,1.03414220962,0,-2.13968480672,0,1.67961368287,0,-1.15848886709
0,0,-1.27476042867,0,-1.50580873398,0,-1.10469056248,0,0.227844019977,-0.904622863865,1.02372273169
1.73633723027,0,0,0,0,0,0,0,0,0,4.32756402122
0,-0.672355288309,0,1.36766843759,0,0,1.63172661574,0,0,0,1.0531202686
0,0,0,-0.45174297326,0,0,0,0,0,0,-0.95755483058
-0.121011330523,0,0,0,-0.552460141284,0,0,-0.11584813643,-0.217498422941,0,0.303222409678
0.31849036418,0,0.237528591058,0,0.330680098621,0,0,0.685556469498,0,1.24993801051,0.582836849809
-0.87453947173,0,-0.88596196238,0,-1.02500525936,0,1.4807052051,0,0,0,-2.56830704808
0,0,0,0,0,0.217303512867,0,0,0,0,-0.162645608166
0,0,-0.204561879229,-0.754164328117,-0.359930598316,-3.7550643985,0.51970573899,0,-0.0292762092364,-0.641621484084,-2.85619366707
0,0,-0.873999856407,-2.05086567469,0.388471234895,0,-0.905295661786,0.812480807204,0,-0.846094205538,-1.59257949505
0,0,0.11435727178,0,-0.278133765867,-0.51588700114,0,0.354111207381,0,0.0660806663824,-0.072029091234
0,0,0.717292993882,2.20114995739,0,0,0,0,0,-0.292222683871,2.61262088106
0,0,0,0,0,0,1.65172631532,0,0,-0.752281758443,-0.387839276573
0,0,0,-0.402814807387,0,0,0,0,0,-1.86717121858,-0.162668831386
0,-0.186705420916,0,0,0,0,-0.360634086283,0,0,-0.906969940828,0.347796832323
0,0,-1.14695700346,0,0,0.0668804797886,0,0,-0.122240927389,1.41257560271,-1.74703420652
0,0,0,0,0,0,-0.291536734113,0.029911167041,0,0,-0.687598226701
0,0,0,-1.3974047027,1.07364624649,-0.774061403085,1.06432170473,0,0,0,-2.84114665195
0,0,0,0,0,-1.04159556328,0,0,0,0,-0.516346150746
0.735634656304,-1.01021941602,0,0.578573153496,0,0,0,0,0,0,4.00138588184
0,1.4326188555,0,0,0,0,0,0,0,0,-0.713003315191
0,0,0,0,0.402466756597,0,0,0,0,0.993282847962,-0.335479920745
0,0,0,0,0.651140127995,0,0,0,0.596796707659,0,-0.635214157107
0,0,0,1.76895122404,0,0,1.40835688512,2.10287387457,0,0,1.14983098775
0,0,0,0,0,0.113968754965,0,0.401659773235,0,-0.20381412904,0.10939090535
0,0,0,0.505463392501,0.0694106293019,0,-1.01522418652,0,0,0,1.16077240609
0,0,0,0,0,-0.798607191518,0,0,0,0,-1.53893240633
0,-2.41733409713,0,0.492600520617,-0.418287393205,0,0,0,0,0,6.39841797604
-1.36638393281,0,0,0,0,0,0,0,-0.0267642506385,0,-3.54166710135
0,0,0,0,0,0,0,2.14915392792,0,0,0.183730014561
0,0,0,0,0,0.547646704911,0,0,-0.364796941794,-1.67868502528,0.308546817919
0,0.87495099368,0,0,0,0,1.32206101847,0,0,0,-1.32828259597
0,0,0,0,0,0,-0.235920860871,0,0,0,0.257185773584
1.92635984544,0,0,-0.819742561531,0,0,0,-0.273893558328,0,-0.18891722681,3.91685625416
-0.929584356241,-0.19636274251,0,0,0,0,0,0,0,2.33183285209,-1.94924819748
0,0.137463051526,0,0,0,0,0,-0.281598956574,0,-0.651539145192,-0.413175989465
1.8351940292,0.970643546734,0,0,0.644892497027,0.741651821719,-2.66173435196,-0.229075856889,0,0,3.93993869436
0,0,0,1.48859371497,0,0,0,0,1.80583074987,0,2.07885080732
0,0,0,0,0,0,0,1.0541536798,0,-0.359958521051,1.1246798374
0,0,0.557303332773,-0.0555053351432,0,0,-0.187162604757,-1.26490302893,-1.71969706085,0,-0.431455890674
0,0.598731201462,0,0,-1.61489362362,0,0,0,0.313359693111,0,0.7518736589
0,0,0,0,0,0,0.0510943871013,0,0,-1.5429318651,-0.117830975561
0,0,-1.37239692597,0,0,0,-0.447495197486,0,0,0,-0.827179301874
0,0,0,0,0.628217215969,0,0,0,0,0,-0.0526279651389
0.548191966486,0,-0.452635720601,0,-0.783141448004,0,0,0,0,0,1.74709181012
0,0,0,0,0,0,2.117052236,0,0,0,-1.20567008639
0,0,0,0,0,0,0,0,0,0,-0.958434712351
0,1.1437508503,1.93451469266,0,0,-0.310056841188,-1.82097500793,0,0,0.392371083876,1.3113222954
0,0,0,0.422701097969,0,0,0,0,0,1.36942409899,-0.0885261971596
0,0.0771901182281,0,0,2.51480113989,-1.8337342417,0,0,0,0,-2.52229297434
0,0,0,0,0,0,0,0,0,0,0.412123509897
0,0,-0.0113510947948,0,1.54572929143,0,0.927645880453,0,0,0,-0.614737053954
0,2.63314617397,0,0.54720135451,0,0,0,0,0.801473262201,-0.226269971962,-1.19436462953
0,0,-1.54716066059,-0.409534559899,0,0,0,-0.839904568148,0,-0.798188517544,-1.82198209807
0,0,1.49687344627,0,1.73267715989,1.79722026405,0,0,0,0,1.09938319685
-0.284124637413,0,0,1.68182800624,0,0,0,-0.804999255747,0,0.868194943356,-0.0769025432306
0,0,0,-1.26929079371,-1.34320525678,0,0,0,0,-0.520795709708,0.274728357836
0,0,-0.762073055434,0,-0.709763774017,0.207282533833,0,0,0,0,-0.801942456434
0,0,0,0,0,-0.490012054186,0,-0.281267277204,-1.65488194731,0,-1.05531031284
0,0,0,0.474612865278,0,0,0,-0.708845029569,0,0,0.0831667657843
0,-0.248259225001,0,0,0.483236155034,0,0.881971297164,0,0,0,-0.756109918193
0,0,-0.580552440345,0,0,-0.30024517951,0,0,0.204545875014,0,-0.96069133468
0,0,0,-2.74329656106,1.12245175668,2.21394722141,0,0,0,0,-1.34911601182
0.377653694755,0,0,0,0,0.24324828564,0,0,0,0,1.52565716661
0,0,1.0017853492,0,0,0,0.560418165609,0,0,0,2.07326290952
0,0,0,-2.22091836597,0.210824106408,-0.77878717384,0,0,0,0,-1.45436089692
0.257932775683,0,0,0,0,-1.43498853467,0,-0.331990576987,0,-0.338799742995,-0.510310767818
0,-0.0600516323998,0,1.620127964,0,0,0,0,0,0,1.82859173305
0,0,1.03105366681,-0.494480332162,0,-0.237956678574,0,0,0,0,0.112028950033
0,0.4001145297,0,0,0,0,0,0.708912489334,0.0877403744037,-1.37232033078,0.0804478722452
0,1.29490812097,0.316740611812,0,0,0,0,0,0,-0.966159384819,-0.689180848958
0,0.200375395053,0,0,0,-1.86230504481,0,0,0,0,-0.326538137527
0.686041401702,1.49986156113,0.505296550428,0,0,0,0,0,0,0,1.74959053517
0,0,0,0,-1.24772684745,0,2.32808656036,0,1.28601964289,0,0.143105806162
1.09970505725,0,0,-0.501331886294,0,0.67359355516,0,0,0,0.53104266434,2.64304118234
0,0,-0.475833388906,0,0,0,0,0,0,0,-0.397394418053
0,0,0,0,-0.587589001384,-0.616976539603,0.668293480764,0,0.913894085734,0,-0.0615852402422
0,0,0,0,0,0,-1.01266506429,0,-1.60775680177,0,-0.503897339799
0,0,0,0,0,-0.808267755774,0,0,0.218078802197,0,-0.618417763521
-0.341559572242,0,0,0,0,0,-0.826280330727,-0.331269468537,0,0,-1.41395078388
0,0,-0.952399310765,-1.69749906671,0,0,0,-1.3013390474,0,0,-3.12389376959
0,0,0,1.39030995158,0,0.973986250119,-0.511833872868,0,0,0,1.71042275428
0,0.476248543081,0,-0.626137903589,0,0,0,0.501607090703,0,0,-1.41822151163
0,0,0.190377476517,0,-0.191094617192,0,0,-0.0178803282969,1.9345516239,0,0.247444355987
0,0,1.03974412087,0,0,-0.0905175511525,0,0,0,0.457445402552,0.721748472371
0,0,0,0,0,1.17369452782,1.77457071948,0,0,0.719845164886,-0.788526986137
0,0,-0.863053329333,-0.301207715606,0,0,-1.17463697489,0,0,2.09010969922,-1.5282081016
0,0,0,0,1.53919857435,0,0,0,1.93342009554,0,-0.343912037404
0,0,0,0.0902240968678,0,0,0,0.808400498411,-1.16348356004,0,-0.331395015778
0,0,-1.27382026361,0,0.0519315641141,0,0,0,0,0,-1.80167567928
0,-0.814527796368,0,0,0,0,0,-1.15043932171,0,0,1.15306334596
0,0,0,0.958029247111,0,1.22687119881,0.789288465596,0,0,0.362615278811,0.545806468923
0,0,0,0,0,0,0,0,0,-0.696583264334,-0.138066293278
-1.01903604658,-0.15779730851,0,0,3.0084214452,0,0,0.436053048792,0,-0.83008865437,-4.07424498129
0,0,0,-0.0721311890367,0,0,-0.621840126495,0,0,-1.50478176255,0.041570909046
0.986504988816,-0.243531226256,0,0,0,0,-0.816853556108,0.820834882966,0,-0.730834355081,3.40488394726
0,0,0,0,0,0,0,0,-0.259080812368,0,-0.215907892649
0,-0.48698328243,0.508083965264,0.377582817386,0,-0.784478107235,0,0,0,0,1.298066637
0,0,0,0,-0.333024560378,0,0,0,0,0.392556381085,0.871782756829
0,0,0,0.672518868012,-0.845523633307,0,0,0,0,0,1.13646973061
0.698773695444,1.4370580849,-0.315383586321,0.174973479613,0,0,0,0,0,0,0.487198598699
-1.07973699025,0,0,-0.502978242614,0,0,0,1.05925857332,0,0,-2.90931157844
-0.725095200954,0,0,0,0,0.390588803766,-0.0343958273691,0.378479679814,0,0,-1.55608068352
-1.24755171576,-1.09101346669,0,0,0,0,0,-1.92155902003,0,0,-2.6291829906
-1.4862155211,0,-0.658204341512,0,0,0,0,-0.933840255845,0,0.389663634375,-4.79941380438
0,0,0,0,0.0265853912938,0,-0.960861376945,0,0,-0.00324750539604,0.352072048912
0,0,0,0,0,1.28580195969,0,0.0870845650379,-0.472249373884,0,0.973039353728
2.47834267144,0,0.152594111204,0,0,0.849340727037,0,0,0,0,7.21207328824
1.23905194065,0.836680427974,0,0,0,0,0,0.566986798551,0,-1.16095515426,2.4771346776
0,-1.63085730577,0,0,-0.30056267236,0,0,0,0,-0.917497238441,3.48074089197
-0.315169818324,0,0,0,0,0,0.765811576742,0,0,0,-1.39486783509
0,0,0,0,0,0,0,0,0,0,-0.876706756428
0.324413181904,0,0.357254441151,-1.04982502092,1.00582742329,-0.590897250974,0,0,0.103084522938,0.304673372159,-0.707811656089
0,0.851586102812,0.791599044895,0,0,-2.37545540344,0,0,0,1.21909098979,-1.16551881643
0,0,0.601961795994,0.302065265158,0.592412567763,0,0,0,0,0,0.255038273994
0.749916499288,0.616748778875,0,0.0554851821768,0.88076429773,0,-0.239942224856,-0.569343961914,0,0,0.837926104328
0.18836272243,-0.167731671097,-0.943372854801,0,0,0,0,0,-0.371286180037,-0.916162846681,-0.630961981296
0,0,-0.185351881258,1.57742763974,-0.914236225563,1.34215018027,0,0.688975069298,0,0,3.10411224514
0,1.26590978364,0,0,0,-0.972429157013,0,0,0,0,-1.04669019958
-0.00292619157563,0.768310936125,0,0,0,1.19829234688,0,0,0.00744150370489,0.761776266778,-0.387716499242
0,0,0,0,0,0,0,0,0,0,-0.351245033977
0.377803864783,0,0,0,0,0,0,0,0.52975178806,0,1.72582152975
-0.80619479086,0,0,0,0,0,-0.0837999577911,0,0,0,-2.17261358241
0,0.525688403132,0,0,0.941217079314,0,0,0,1.3342354385,0,-1.08369854142
0.189405033775,0,0,0,0,0,0,-0.058218832426,0.728272874756,-1.18673371083,1.85279660836
0,0,0,0,0.24151052944,0.798394723044,0,-0.395594748173,0.0509216131297,-1.25952404356,0.0819021020199
0,-0.832311344415,0,0,0,0,0,-0.224767440195,0,0,0.992748542259
0,-1.41534937415,0,0,-2.12106608575,0,0,-0.366873070346,0.566009387794,0,3.91416044471
0,0,0,0,-0.343409912501,0,0,0.49155872052,1.38030446547,0,0.728613933382
0,0,-1.24114801008,0,-0.0152769777797,0,-0.598486289971,0,0,1.66058582594,-1.45811048648
0,0,0.463528671433,0,0.0842227337662,0,0,0,0,0,0.0809475592212
0,0,0,0,0,0,0.943902732735,0,0,-1.36872396562,-0.691684575186
1.38559347221,0.108632347831,0,0,0,-0.868695243353,-0.204860627416,-0.982242569555,0,0,2.47665555337
0,0,0,0,0.502715125792,0,-0.650762106715,0,0,0,0.0889652726724
0.933478930448,0,1.9765805789,0,0.706836676851,0,-1.22642460514,0,0,0,5.32645762632
0,-1.02864190835,0,-0.590389215594,-0.468533262754,0,0,0.950641016445,0,0,1.48869464159
0,0.963382294134,0.956010268251,0,0,0.465927085007,0.454387840994,0.236414427715,0,0,0.0976609399657
0,0,0,0,-1.1419022981,0,0,0,0,0,0.746186659138
0,0.351452758841,1.18913790742,-0.949664882712,0,0,0,0,0,0,-0.104473109215
0,-0.00898547794464,0,0,0.089917039571,-2.74078259777,0,0,0,0.936234038973,-1.6901495599
0,-0.722497259395,-0.322171166539,0,0,1.13294012917,0,0.552749795306,0,-0.0691272292342,1.42835292872
0,0,-0.882914934905,-1.22273652317,0,-0.478929424538,0,-1.33171359842,0.110570824159,0,-2.07557327121
-0.14414099915,0,0,0,0,0.937591721788,0,-0.316037833057,0.436527690032,1.36835232501,-0.275002173209
0,0,0,0,0,0,-0.527008437649,0,-0.141680570334,-1.15549608139,0.857645870161
-0.500869371915,-0.0579009381915,0,0,0,0,0,0,0,0,-1.88078400943
0.799319942541,-1.82922724821,0,0,0,0,0.241678281816,-0.0490644324104,-0.492538330449,0,5.17043292472
0,1.23416892715,0,0,0,0.339053244278,0,0,0,0.672100618253,-1.18983250329
0,0,-0.955133171181,0,0,0,0,0,0,1.35786802681,-1.76779540058
0,0,0.114034641358,0,0,1.25013160862,0,0.713241869478,-0.032079466315,0,0.850880115939
0,0,0,0,0,0,0,0,0,0,-0.483218804462
-0.654545145477,0,0,0,1.63900628074,0,-0.329021313728,0.168439190292,0,0,-2.18011051817
0,0,0,-1.66175381111,0,-0.577165868915,0.670118532584,0,0,0,-2.0293261195
0,0,0,0,-0.74776690755,0,0,0,0,0,-0.0581032737509
0,0,0,0,0,0,0,-0.650883924019,0,-1.57112245196,0.197522393215
1.08599763362,1.19782182434,0,0,0,-0.472463206609,0.743403329411,-0.863055467951,-0.86593852282,0,0.636180870493
0,0,0,0,0,0,0,0,-0.165097052623,0,0.396250619126
0,0.619204129147,0,-1.42191989381,0,0,0,-0.901179429312,0,-1.01346242141,-1.16410359037
0,-0.418548224362,0.67464406343,0,-0.492414828607,-0.318542530313,0,0,0,0,1.74571390881
0,0,0,0,0,0,0,0.306294216415,0,0,-0.17623466227
0,-0.0460027168977,-0.753627682749,0,0.00385019503436,0.328649537109,0,0,0,0,-0.654040245478
0.284329140902,0,0,0,0,-1.16147093661,0,0,0,-1.59320032487,0.545451607918
0.817569097712,0,0.577954219517,1.28536772757,0,0.768115871349,0,0,-0.667051078991,-0.436504175755,4.23815259686
-2.09574140555,0,0,0,-1.8686358637,0,-0.19087701838,0,0,0.666097189899,-3.54619892886
0,0,0,-0.359064223164,0,-0.258104104683,0,0,0,0,0.624247733243
0,-0.602874242173,0,0,-0.90569425698,-1.03898931723,-0.127266984,0,-1.73268238964,0,1.2166509049
0,0,0.470028802516,-0.451726298763,0,0,0.640686374238,0,0,0,-0.0107939911472
0.732062067293,-0.557545120972,0,0,0,0,0,0,-0.393180247075,0,2.91294756751
0,0,0,0,-0.1204026606,0,0,0,0,0,-0.614671010625
0,0,0,-0.800702317683,0,1.64756163003,0,0,0.24349122194,0,-0.652369034817
-0.311317034245,0,0,0,0,0,0,0,0,1.31378167943,-1.14128520993
0,0,-0.447246923552,0,0,0,0,0,0,0,-0.522761425422
0,0,0,0,0.0446039913212,0,0,0,0.502587517932,-2.05275214231,0.768879430715
-0.0642803593601,0,1.29132827853,1.44293090292,0,0,0,0,0,0,2.32268178896
0,0,0.66497185917,-1.26937315003,-0.468728543655,0.18713784585,0,1.09265715831,0,0,-0.225129094301
0,-0.417671117028,0,-0.428188713685,0,0,-0.915730793949,0,0,0,0.245997816712
0,0.494084863712,0,-0.920588027254,0,0,-0.0886219221361,0,-0.284871481162,-1.62415163335,-1.26745853084
0,0,0,0,0,0,0,0,-0.21724829526,-1.57548721382,0.023824995219
0,0,0,0.124913288754,0,-1.96328419241,0,0,0,0,0.538381671105
0.17536031102,2.22334976033,0,0.737000642527,-1.57359506172,0,0.0198751926536,1.53606822884,0,0,1.39893438216
0,0,0,0,-2.41976064113,0,0,-0.494571809709,0,1.15738716435,1.80958475721
0,0,0,-1.91042996485,0,-0.36969817992,0.225874894194,0,0,0,-1.98330031381
-0.481846049964,-1.30498978341,0,-0.52279967886,0,0,0,1.15346273646,0,0,1.01582646027
0,0,0,0,0,0,0,0,0,-0.266218369743,0.449740695107
0,0,0,-0.32854914862,-0.607406325103,1.38034775614,0,0,0,-0.401429273749,1.47258449227
0,0,0,0.0166536098423,0,0,0.321861284397,0,0,-0.498647903813,0.614553582262
-0.760913892357,0,0,2.24712959571,0.234608968844,0,0,2.27233909511,0,0.651131852494,-0.391356029504
-0.331576824515,-0.411438415233,0,0,-1.79953395671,0,0,0,0,0,0.710833197967
0,-0.697971648079,0,0,2.19661947007,0,0.0933641203141,0,0.104927322147,0,-0.107266443868
0,0,0,0,0,1.18906335791,0,0,0,0,0.609234241308
0.738757169555,0,0,-0.35817784787,0,0,0.516133628644,0,-1.36478917132,0,1.21614100701
-0.321682864902,0,0,0,0,0.00355579702337,1.13302937728,0,0,0,-1.57695922527
0,0.725426056745,0,0,0,-0.333545466947,-0.881894283508,-0.836155380511,0,-0.101049207826,-0.684240554588
-0.55632877542,0,-0.350912437926,0,0.158143523339,0.160144022732,0,0,-1.15956964054,0,-2.65467731463
0.343208920837,-0.333628686331,0.113417411489,2.6196770334,0,0,0.459423224323,0,1.14623018108,0,4.81577125572
0,0,0,0,0,-0.604956947101,0,0,0,0.733423575882,0.228845783014
0,-0.366362500666,-0.978723180591,0.389689572293,-0.763778152854,0,0,2.15901344056,0,0,1.18177142318
0,-0.128987336996,0.243881228399,0,0,0,0,0,0.390058182724,-0.493712489134,-0.0176312761719
0,0,0,0,-1.96749020194,0,0,0,0.929977703821,2.64683935329,0.386498240945
0,0,0,0,1.01478877226,0,0,0,-0.88335901888,-0.779550748986,-0.617379830387
0,0.849840915113,0.919012659665,0,-0.348200488406,1.44428891968,0,0,0,0,0.699374826458
1.78059719421,-0.426194222472,0,0,-0.500224296191,0,0,0.513360600201,0,0,5.33663358146
0,0,0,0,0.091794091173,-0.766036910213,0,0,0,-0.979661818163,-0.713527431746
0,0,0,0,1.70707854372,0,-0.0114284262565,0,0,0,-0.905937362073
0,0,0.663819217253,0,0,-0.837316418505,0,0,1.54966686627,0.202537553697,0.0862638762693
-1.58476467691,0,0,0,0,0,0,1.49201541334,0,0,-2.9008232003
0,0,0,0,0,0,0,0,0,0,0.129332721532
0,0.693762908059,0,-0.682267080082,0,0,-1.94372857656,-1.5015827325,0,0,-1.40282546582
-0.513374593667,0,0,0.0538316286239,0,0,0.256941125297,0,0,0,-1.65260317055
-1.02347094043,-0.470153821739,0,0.749191339003,-0.437312947748,0,0,0.484355134471,0,0,-0.544996167877
-0.80110218188,0,-0.755083162079,0,-1.0819394754,0,0,-0.646114222658,0,0.341816717063,-1.72902159954
0.40363882991,0,0,0,0,0,0,0.084184262364,1.39569949462,0,1.67322414814
-0.09085489043,0,-0.377536972315,-1.17252316242,0,0,-0.949874629591,0,0,-0.902176222695,-0.990260017847
0,0,0,0,1.83733390977,0.760337820337,1.03447252496,0,0,-0.950316153048,-1.96247420329
0,0,-0.132545152774,0.115940778647,-0.37486537062,0,0,0.994445322105,0,-0.23864640226,0.666144788105
0,0,0,0,0,0,1.89312257803,0,0,0,-0.969903970736
0.710689749124,0,-0.115565951822,0,0,0,-1.96026037504,-0.704690191982,0,0,2.37706009005
0,-0.334330951005,0,0,-1.01952155586,-0.53607918403,0,0,0,0.0349470598259,0.7904129548
0,0,0,-0.86186219111,0.958882416066,-0.986478759172,0,0,0,-0.824304604741,-1.58788792858
0,0,0,0.095347870789,0,0,0,0,0,0,0.218171297545
0,0,0,0,0,0,0,0,0,0,0.206179667331
0,0,0,0,0,0.0703148772676,0,0,0,0,-0.0519480588098
-0.449138165267,0,0,0,0,0.581649386525,0,0,0,0,-0.0514713962253
0,0,0,0,0,0.895485471453,0,-1.51726189201,0,0,-0.054228343502
0,-0.472717520006,0,-0.0410014665233,0,0,-0.330846385018,0,0,0,1.02905622244
-1.53851367532,0,0,0,0.551386630972,0,0,0,0,0,-3.64734444926
0,0,0,-1.81308741245,-0.367286084654,0,0,0.351839960177,0,-0.266610829718,-1.58102238029
0,-0.180866757871,0,0,1.0018848938,0,0.784473486706,0,0,0,-0.642891349939
0,0,-0.420815473851,0,0,-0.327517991066,0,-3.26211377315,0,0,-1.50635417831
0.220433560524,0,0.218532177438,0,0.820928158044,0,0,0.330219294291,0,0,0.802025639758
1.01906386311,-1.7166026904,0,0,0,0,0.401168391939,0,0,0,5.12607780879
0.426054304807,0,0,0,1.08302685923,0.776658778963,2.09117105458,0,1.16097792669,0,0.500273746867
-0.590110526961,0,0,0.0108941515171,0,-0.869495235427,0,0,-0.0765305874095,0,-1.89414883589
0,0,0,1.25894835027,0.259328039372,1.31137709535,0,-1.04210879361,0,0,1.72256373868
0.888587475378,-0.423826648682,0,0,-0.518168829434,0.108710084058,0,0,0,0,3.58132164447
0.249994245288,0,0,0,0,0,0,0,1.14386939372,0,1.04708816068
0.310536948866,0,-1.19322649348,-0.819108903876,0,0,0,0,0,0,-1.07622118011
0,0,0.715730769176,-0.759368033474,1.3821548193,0.192938091223,0,0,-1.61738221408,-0.0439947941628,-0.39633573777
0,0,0,0.800470001743,-0.859442868216,-0.114828899591,0,0,0,0,1.43995778272
0,-1.9862745916,0,-0.612409126936,1.08983263378,0,0,0,0,-0.144160717698,3.05005155665
1.48412482993,0,0,0,0,-1.07295551621,0,0,0,0,3.05980290115
0,1.98922493429,0,0,0,0.431765830317,0,0.66066710649,0,0,-0.806828895962
0,0,0,1.9305709987,0.223432509965,0.364793105797,0,0.390110826463,0,0,1.70626105622
0,-0.67142785382,0,0,-0.0805850898517,-0.898177738073,0,0.433328249474,1.88557547401,0,1.18343956411
0,-0.0726731093159,0,0,-0.228975196737,0,-0.409214304781,0,0,0,0.845823121454
0,-0.65595373068,0,0,0,0,0,0,0,0,0.233375411379
-1.20599640358,0,-1.50815583114,0,0,0,0,0,0.734792735741,0,-4.76327427715
0,0,2.17279404529,-0.338147534181,0,0,-0.716051007731,0,0,0,2.41624661773
0.710176968424,0,0,0,0,-0.520125823387,0,-0.318558619241,0,0,1.35752708774
0,0,0,-0.750139748995,0,0,0,0.133075952696,0,0,-0.985178439627
0,0,0,0,0,0,0,0.123909408589,-2.08764031711,1.30345816084,0.0689892477049
-1.25034122487,0,0,-1.19646990607,0,1.09780236757,0.621499028797,0,0,0,-4.53985700302
0.304548424547,0,1.48647312759,1.26550294218,0,0,0,0,1.65130105555,0,3.5742677025
0,-0.299787227768,0,0,0,-0.343693824426,0,0,0,0.588065190781,0.00763645974121
0.823341473046,0.664054883442,0,0.833589703282,0,0,0,0.076991695718,0,0,2.50292942289
0,0,0,0,0,0,0,1.55724019403,0,0,0.992179597897
-0.426061058666,0,0,0.806783349523,0,0.245711027164,-0.620613767046,0,0,0,-0.365609099004
0,0,0,0.314361349743,0,0,0,0,0,-0.66896604476,0.224057715782
0,0,-0.171122992851,1.5281060844,0,-0.448150317212,0.153374072013,-2.32887453228,0,-1.8583262915,0.5792255012
0,0,0,1.1461805413,0,0.445310699574,-0.0619291755941,0,0,-1.47781920515,1.54671141727
0,0,0,-0.874810673489,0,0,0,-0.713737102963,0,0,-0.52752875003
1.68620935567,0,-0.163918201491,0,0,0,0,0,0,0,3.93106976933
0,0,0,0,0.688078342771,1.18317133101,0,0,0,0,0.164655008838
0,-2.32934748587,0,-0.781693220026,-0.289069042714,0,2.54118407819,0,0.292518289356,0,3.39510331683
0,0,0,-0.101254350624,0,0,1.18128641962,0.247007527896,0,0.199709929809,-1.00758320489
-0.746752044943,0,0,0,0,-1.34062133249,-0.145930497915,0,0,0,-2.21399913473
0,0,0,-1.32209725723,0,0,0,-1.54855708233,0,0,-1.32691104995
-1.55552443178,-0.325697965421,0,0,-1.53861812005,0,0,0,-1.10780522541,-0.265350377357,-2.37317322414
0,0,0,-0.587820201626,0,0,0,0,0,0,-0.48225130734
0,0,0,0,1.13881931238,0,-1.94186809013,0,0,0,-0.82156029919
0,0,0.314386276565,0,0,0.53325841241,0,0,0,0,0.975722849474
-0.626417544034,0,-0.293319486979,0,-0.0148155239254,0,0,0,0,-0.823672998846,-2.60556175079
1.80756541467,1.91707792477,0,0,-1.06987250812,1.18113025314,0,0,0,0,4.4316570187
-1.40802818554,0,0,0,0,-1.29472706205,0.655838074356,-0.101619558855,0,0,-4.11861932915
0,0.21787208618,0.335802409769,0.200227469599,0.801199455469,0,0,-2.14672926972,0,0,-0.498600456376
0,0,0,0,0,0,0,0.0986222311743,0,-0.192151253261,0.0964006751062
0,-1.23322580599,0,0,0,0,0,0,0,0,2.26806142821
0,-0.91921867754,0,0,0,0,0,0,0,-1.00026612912,2.04225559907
1.53362128577,1.79896238393,0,0,-1.00719678284,-0.168357779328,0,1.13289740037,0,0,3.80499678453
0,0,0.280577468499,0,0,0,0,0,0,0,0.905580124512
0,0,0,0.513605183578,0,0.291103257268,0,0,0,-2.03206581479,0.371906166862
0,0,0,0.769773746787,1.0274438458,0,0,0,0.955203729442,0,-0.191452748849
0.422978206072,0.59537226316,0.662138418966,0,0.913513893413,0.334821028779,0.0731286138807,0,0,0,0.91386779232
0,0,0,0,0,0,0,0,0,-0.852479472452,0.45486341288
0,0.801606218733,0,0,0,-1.58441740553,0,0,0,0,-2.33739103878
0,0,0.945398947674,-0.88956875731,0,-0.274903704191,0.0429011764541,0,0,-0.77063356695,0.342891885934
0,0.907302211009,0,0,0,-0.248722632124,0.556096164478,0,0,-0.780871718374,-0.845459646408
0,0,-0.376920510626,-0.953885121655,0,0,0,0,0,0,-1.41892433032
0,0,0,-0.774340174042,0,0,0.069938816901,0,0,0,-1.16053016648
0,0,0,0,0,1.18975086973,0,0,-0.892084970965,-0.151331191077,0.275722295047
0,0,1.50504043536,-0.997951872957,0.436329878906,0,0,-1.25065762684,-0.490766985831,-0.181256201009,0.281092343336
0,-0.5482732646,0,0,0,0,0,1.68989391171,0.497542466251,0,1.48870471772
0,0,0,0,-0.305874611747,0,1.92779356621,0,0.151236710646,0,-0.768706620496
0,0,0,0,0,0,0,0.679015436019,0,-0.977872845425,0.81027956035
0,0,0,0,-1.66101549417,0,0,0,0,0,1.02519772049
0,0,0.0242832091596,0,0,1.12354946472,0,0,0,0,0.370665535363
0,0,-0.797562524229,0,0.294663910922,2.74606139192,-1.52291285258,0,0,0.984388656129,0.526519768706
0,0,0.685273733084,0.649593341497,0,0,0,0,0,0,1.7241638854
0,0,0,0.578650089619,0.759749974483,-0.442850611693,0,-0.461653536652,0,0,-0.530615309761
0,0,0,0,-1.04307180949,-2.73720718441,0,0.367386250232,0,-0.0978442746623,-0.485936651957
0,0,0,-0.351574624812,0,0,-2.21072251826,-0.904527223412,0,0.537878153402,-0.193353289123
0,0,0.116112209591,0,0,0.784664505199,0,0.643299168155,0,0,1.02269148061
0,0,0,0,-0.975019858931,0,0,0,0,0.795792203901,0.619149971298
0,0,-1.51299663215,0,0.443760662446,0,0,0,0,0,-2.30366626266
0,0,-0.355240651227,0,0,0,0,0,0,-0.121833238803,-0.512673950653
0,-1.37977344304,0,0,0,-0.311323078796,0,0,0,0,2.64228369831
0,0.280826540793,0,0,0,1.38619879525,1.41507842554,0,0,0,-0.142741509169
0,0,0,0.335121466984,0,0.584927306465,-0.633993336247,0,0.76255586572,-0.744996283851,1.72194330594
0,0,0,0,0,2.01896410979,0,-0.0689202047843,0,-1.58130235284,1.219753809
0,-0.215772212661,-0.645411306319,0,-0.387913575134,-2.09961745473,0,0,-1.22370663798,-2.09342515464,-1.70978501126
0,0,0,1.02811045478,-1.03721927611,-0.201541885761,0,1.12749680875,0,0,1.83690405605
0,0,0.612923698401,0.15493003714,0,0,0,0,0,0,0.377971286791
0,0,0,0,-0.469079727574,-1.30735912925,0,0,0,0,-0.249545489618
0,0,0.309870236517,0.365706419902,0,0,0,0,-0.579738715454,0,-0.156402332512
0.752891813776,0,0,0,0,0,0.942176562994,0,0,0,1.49341300039
0,-0.164557515405,-0.134788227187,0,0.705148828476,0,0,1.37107660196,0.148284927074,0.135859715918,0.187067344331
0,0.64807077494,0,-1.00812072048,-0.426158082674,-0.545713458563,0,0,0,0,-1.40522235131
0,-0.258373775622,-0.121804942603,0,0,0,0,0,0,0,0.0162988925944
0.813714082762,1.67520914689,0,-2.20316413722,0,-0.183222340989,0,0,0,0,-1.02411227029
-0.373535772307,-1.97806888721,0.800798892672,0,-1.61798788945,0,0,0.583265301694,0,0,4.909163856
0,0,-0.368445703261,0,0,0,0,0,-2.17653280871,-1.89350834273,-1.38624688993
0,0,-0.326315521088,0,-0.511459206606,0,0,0.502894402758,0,0,-0.304981139451
0,0,0,0,0,-0.388279775579,0,0,0,0,0.0179961079291
0,0,0,-0.818696485847,-2.07454173008,0,0,0,-0.545428599837,0,0.166470815895
0.799142918321,0,-0.047406469397,0,-0.315015456938,0,0.350619229189,0,-0.859049647584,0,2.28145548188
0,0.778713723257,-0.607593385427,0,0,-0.741524682988,0,0,-0.618279347278,-0.647959494995,-1.85415930423
0,-1.2498440977,-0.403979465176,0,0,0,-0.512831571356,1.51449338096,0,0,2.20768744873
1.50905907011,1.02433486012,0,0.749413631252,-1.39800062535,0,-2.47969896527,0,0,0,5.29441062461
0,-0.370120462014,0.720453985584,0.457176909828,0,0,-0.328561486393,0,0,0,1.43923546289
-1.63980327691,0,0,0,-1.50881587263,0,0,-0.0870690481818,0,0,-3.65135079391
0.344216118304,0.101947149656,0,0,0.509085113566,-0.0418266796405,0,0,0,1.44279861274,-0.147977840234
0,-0.430690793861,0,0,0,-0.867196235573,0,0,-0.274495510606,0,-0.659431656863
0,0,-0.282758688012,-0.0643378855934,1.52145868462,0,0,0,0,0.551431972658,-1.75106569167
0,0,0.0796648591033,-0.502269530904,0,0,0,0,0,0,-0.309683145145
0,0,0,-0.445696693048,0,0,0,0,0,0,-0.556192047788
0.2306149264,0,0,0.84237588368,-0.235517621422,0,0,0,0,0,1.04913855207
0,0,0,0,0,0,1.55741981688,0,0,0,-1.14355407715
0.705143564064,0,1.24987191201,-0.547508328386,0.444747210593,0,0,0,-1.7855949888,0,2.63040592388
0,0,0.734699985238,-2.38428128806,0,0,0,0,1.34012149708,0,-1.43278530216
-0.0963080510948,0,0,0,0,-0.529698647596,0.549739773935,1.24654471449,0,-0.500085800348,0.188261402183
0.220520789689,0,0,0,0.131191030736,0,1.84509289653,0,0,-0.457365894617,0.496702129776
-1.9337611834,0.704080024271,0.422621364134,0,0,0,0,0,0,0,-5.3591796783
1.86120164765,0.888198652062,0,-0.0681009973663,-0.495614820046,1.27963101813,0.392632864707,0,-1.18704794313,0,4.05375060888
0.115272240701,0,-0.488538169968,0,2.42444180651,0,-0.171948096612,1.06327555811,0,0,-2.0012110816
0.638317335275,0,0,-0.852034382828,0,0,-0.38680524447,0,0,0,1.24777640394
0.478967392161,0,0,1.41251980462,0,-0.828870753123,0,0,0.0887745959209,0,1.18648479996
0,1.48721057486,0,0,0,0.447569191348,0,0,-1.34313711344,0,-1.67068105826
0,0,0,1.10326846708,0,0,0,0,0,0,0.855582865349
0,0,0.102692495196,0,-1.91294529962,0,0,0,0,0.768882376054,1.54512255129
0.452124017173,-0.163889572697,0,0,0.124781144215,0,0.0933754408518,-1.1870376402,0,0,1.15234399615
0,0,0,-0.201245327397,0,0,0,0,0,0.508641837139,0.082060655755
0,0,0,1.25614655466,0,0,-0.245177491311,0,0.296612506762,0,1.04094599147
0.545039088292,0.287532671772,0,0,0.980738128415,0,0,0,0,0,0.858387486732
0,-1.44001246729,0.9137786922,0,0,0,-0.83940605159,0,0.165569811064,0,4.41315989376
0,0,0.517210356163,0,1.54069278157,-0.172329876552,-0.300751495965,0,0.368564504314,-0.13930603852,0.169381399882
0,1.9150425447,0,1.46317339479,0,0,0,0,-1.42194320585,0,-1.11480530539
-0.599305708064,0,0,0,2.05771309894,0,0,0,0.37025540611,-0.110026531891,-2.93857030003
-0.278930401459,1.01539583458,0,0,0,0,0,0,0.536834659587,-2.48543119548,-1.23435858666
0.0324714835538,0,0,0,0,0,0,0,0,-2.16081731797,0.895311107506
0,0,0,0,0,0,0,0,0,0,0.272365590236
0.255727098254,0.26548453657,0,-1.37563989969,0,0.431181036553,0,0,0,0,-0.947971360171
-1.14050427894,0,0,0,0.36237182905,0,0.298121818473,0.216145887595,0,0,-3.34261600875
0,-2.39445798502,0,-0.260489554863,0,0,0,0,0,-1.12174105856,5.26679336908
0,0,0,0,0,0,1.37750260946,0.513706389767,1.03870944543,0,-0.217973900366
0,0.602373034992,0,0,1.08791110385,0,0,-0.257093759405,1.43969326896,0,-0.475747690838
0,1.07844062526,0,0,0,0,0,0,0,0.814259782181,-1.68852844612
0,-0.41572277923,-0.721969016536,0,0,0,0,2.07733279725,-1.05011108756,0,-0.204990562226
0.994621161225,0,-0.856192870403,0,0,0,1.15379094078,-0.952093589631,1.34254961155,0,1.05685762653
0,-1.39802735927,0,0,0,0.639647387277,-0.786190479726,-1.55006024888,-0.812161493133,0,2.87031407751
0,0,0,0,0,0,0.807772991306,0,0.156452052181,0.0226136859431,-0.996091613461
0,0,-0.0669544176503,3.4675161721,0.301161590049,0.652036008572,0,0,0,0,2.08523244834
0,0,0.957378622838,0.079975435378,0.406256880893,1.4321916181,-1.4522621582,0,0,0,1.92934929865
0,0,0,0.150056388986,0,0,-0.157914028085,0,0,1.47246956329,0.440658614345
0,0,0.513158884341,0,0.46334691791,0,0,-0.017859063009,0,0,1.32894965283
0,1.70273475641,0,0,0,0,-0.60160957216,0,0,0,-1.1354140339
0,0,0,0,0,0,0.0165872787925,0,0,0,0.82039512366
0,0,-0.645452783735,1.28479794138,0,0,0,-1.0651117395,0,0,-0.381784742537
0,0,0,0,0,-0.721682500826,0,-1.45172948831,0,0,-0.803654541526
-1.09380135211,0,0,-1.37501505111,0,1.11736898531,0,1.80964716257,0,0,-2.81283556324
0,0,0,0.0555606880542,0,0.580888234218,0,0,-0.129461952184,0,-0.844998515645
0,0,0,0.526749449324,0,0,0,0,0,0.172464817098,0.202369467734
0,0,0,0,0,-0.377239193485,-0.229226379063,0,1.21482590424,0,0.333269207672
0.526819686858,1.22729126912,-0.782649894772,0,0,0,0.477122812903,0.115816547986,0,0,-0.680292802862
0,0,-0.823359789765,0,0,0,0.332698982302,0,-0.0461227218722,0,-0.97673492192
0,0,-0.188789059156,0,0,0,0,0,-0.31529627,0,-0.0595787839215
0,0,0,-1.47752971553,0,0,0,1.23279371539,0.856911522495,0.344021554093,-0.0751683581339
0,0,0,-0.0117025348875,-1.48118873354,0,0,0,0,0,1.99279982464
0,0,1.37736668005,0,0,0,0,-0.885987180347,0,0,1.25171673317
0,0,-0.684513529736,0,0,0,0,0.897676622971,0,0,-0.27458981797
0,0.674608641478,0,0.915489958981,0,0,0,0,-1.01739663238,0,0.126370086688
0,0,0,0.788016971531,0,0,0,0,0,0,0.869700120145
-1.59440528921,0,0,0.954165537066,-1.18819164589,0.623522311293,0.49789374128,0,-1.50463520169,0,-3.0855050656
0,0,-0.917831404341,0.480129558604,0,0,0,0,0,0,0.0999763089313
0,0,0,0,0,0,0,0,0,1.1943193235,-0.24358120828
0,0,-0.559797170362,0,0,0.397859252229,0,0,-0.869430224617,0,-0.108996424085
0,1.14073319459,0,0,0,0,0,0,0.645813218205,0,-1.57734468493
-0.472741851744,0,0,0,0,0,0,0,0,0.13827109505,-1.74413910441
0,0,0,0,0.00318229712801,0,0,0,0,0.599342626652,0.0878577883431
1.20547939964,0.849749421998,0,0,0,0,0,-0.749815656998,0,0.297145384508,2.87803734418
0,-0.918967475852,0.169444720181,0,0,0,0,-0.578918012803,0,0,1.51921628638
0,0,0,0,0.995192509696,-1.79442927405,0,0,0,0,-1.17051081581
-1.51707499645,0,0,0,-0.907044247011,0,0,0.570334333349,-0.448920565777,0.688248036017,-3.25638346183
0,0,0,-0.573823142985,0.310743178531,0.510741484729,0,0,0,0.370721620202,-0.270804069813
0,1.3138978641,0,0,0,-0.948448860211,1.22892973827,-0.465621455758,0,0.821419143044,-2.22115671381
0,-0.769908952601,0,0,0,0.394137738681,0,0.634887393135,0,0,1.78408895923
0,0,0,-0.0068665496992,-0.630941136296,0,-0.464717383564,0.954462429578,0,0,0.582812299961
0,0,0,0,0,-1.78328676952,0,0,0,0,-0.529370007602
1.65141034615,0.544623090113,0,0,0.0857502589054,0,0,-0.268863037447,0,0,2.75280493655
0,0,0.267459671085,0,0,0.321083332248,0,0,0,1.74548359446,1.08139733335
0,0,0,0,0,-1.16375576523,0,-0.671510323828,0,0,-0.79403328311
-0.941561915057,-0.33587966792,0,0,0,0.247484097419,0,0,1.63844785985,0,-1.41752977763
0.751914057232,0,0,-0.79753428999,0,0,-0.822542882042,0,-1.0178733225,0.109001732341,1.9869784501
1.00174296314,0,0,0,0,0,0,0,0,0,3.88622200808
0,0,0,0,0.619108811944,0,-0.687000394027,0.324033744815,-0.313065726232,-0.0877957692056,0.665330868694
0,0,0.468635252152,0,0,0,0.802222041489,0,0,0,0.437043606437
0,1.12564158142,0,0,0,0,0,0,0,0,-1.53054925339
0,0,0,0,0,0.239362560862,0,0,0,0,-0.0933174074815
0,0,0,0.234675401584,0,0,-0.254910709015,0,0,0,-0.141901781905
0,-0.200077687871,0,0,-0.0817302548084,0,0.733329812962,0,0,0,-0.823654812647
0,0,0,0,0,0,0,0,0,0,-0.667097948334
0.409025588769,0.614372988176,-1.15816901197,0,0,0,0,0,0,0,-0.921852887764
0,1.70702212859,0,-0.727072260863,0.881561146485,0,0,0,0,0,-2.77941154478
0,0.0109565525084,0,0,1.3321026463,0,0,0,0,0,-0.534339688596
0,1.5617968322,0,0,0,-0.247965405572,-0.520570705779,0.255844232804,-1.45391805258,0,-1.53505177993
0,0.792921268536,0,0,0,0.766758565418,0,0,0,0,-0.184749104542
0,-0.532837265601,-0.774357626908,0,-0.917704530075,-0.0909821227039,0,0.0774993112426,0,0,0.570199494498
0,0,0,0,0,0,2.12732940684,0,-0.431962720693,0,-0.215266306422
0,-0.787967852864,0,0.0967077237929,-0.349608878947,0,0,0,0.0184921826285,0,1.45144477417
-0.415579043861,0.621647551318,0,0,0,0,0,0,0,0,-1.26033076829
0.0891816683991,0,0,-0.562420770656,0,0.533238021863,0,1.18023647812,0,-0.368892167247,0.571417232541
0,0,0,0.46625793768,0,0.0501472214977,0,0,0.942054217866,0.554025200748,1.28471422582
0,0,-1.09279357431,0.997414067307,0,0,0.676273277061,0.0167025255753,0,0,-1.07325747773
0,0.530642240285,0,0,0.323107886413,0,-1.32592337783,0,0,0,-0.606675883677
0.127113279103,0,0.158045686824,0,0,0,0,0,2.21766337293,0,1.09148147874
0,-0.578549576816,0.190296152021,0,0,0,0,0,0,1.59866053104,0.931255421721
0,0,-0.886727308583,0,0,-2.04651485786,-1.04597859734,0,0.33197347052,0,-1.5605502853
0.685093156286,0,0,0,0,0,0,0,0,0,1.45694900624
0,0,0,0,0,0.61485036568,0,0,0,0,-0.317041249723
0,0,0,0,0,0,-0.119199436044,0,0,0,0.423750599321
0,0,-0.125361613635,0,0,-1.71341106022,-1.65021712438,0,-2.11717381207,-0.781752946789,-0.358796918454
0,-1.62776043743,0,0,1.67114589902,0,0.649573871675,0,0,0,1.4739408192
0,0,-0.51460972555,-0.241978539541,2.16198918875,-0.139732880152,0,0,0,0,-2.22951311922
-2.53457699115,0,-0.811376083873,0,0,0,0.208710919532,0,0,0,-6.36594698663
1.34976139018,0,2.1474807582,0,-0.746537888235,0.522881497574,0,0,0,0.747897186808,6.81078053403
-0.470496321625,0,0,0,0,-0.198392570268,0,0,0,0,-1.22996511983
0.112030768683,-1.31692654253,0,-0.260050222815,0,0,0,0,0.906402329712,-0.100401841337,2.82965512735
-1.55484262267,0,0,0,0,0,0,0,0,0,-4.18206290073
0,0,-1.18081482718,0,1.44260424298,-0.945944295229,0,0,0,0,-2.17587934574
-0.159420263351,0,0,0,0.870079646503,-0.31041779965,0.245811925602,0.177458114949,0,0,-0.683815931445
0,0,0,0,-0.258809783225,0,0,0.166815456621,0,0.926359536064,-0.193160401773
0,0,-0.0953894766356,0,0,-1.00274722106,0,0,0,-0.888213275673,-0.221507894196
0,0,0,0,0,0,0,0,0.103589754972,0,0.131446336049
0,0,0.0582262863126,0.940128525219,0,0,0,0,0.55266662912,0,0.577798771005
0,0,0,0,1.34255129177,-0.249159748236,0,-0.661257838543,0,0,-0.872997477241
0,0,1.69338762301,0,0,0,0,0,0,0,2.28533261167
-0.413285651827,-0.280647593435,0,-1.53428755387,0,0,0,0,0,0,-1.75756076916
0,0,0,0,0.590864372547,-0.586116718801,0,0,0,0,-0.614759987398
-0.568616636681,0,-1.08850095118,0,0,0.675501741972,0,0,0,0,-2.59331648262
0,2.20529828497,1.41506592191,1.53215838408,0,0,0,0.135200800225,0,0,2.06147970575
0,0,0,0,0,0,0,-0.980604048255,-0.0705122127774,0,-1.03594306389
0.640846505465,0,0,0.836946564773,0,1.22041726421,0,2.77014094271,0,0,4.5237385566
0,-0.757299217453,1.02004014802,0,-0.375521054442,0,-1.03378044077,0,0,0,3.5050716735
0,-0.0056036666057,-0.414351903857,0.532052151594,0,-0.0583851201708,0,0,0,0,0.320306606474
0,0,0,-1.78893606152,0,0,0,0.111675895188,-1.73241360767,-1.95308906081,-1.10643521484
0,-1.57707181636,0.596397560174,0,0,0,0,0,-0.579109678029,0,3.70459116066
0,-1.36916781246,-1.04400528109,0,0,0,0,0,0,0,1.22873849508
0,0.698037198208,0,2.48697523284,0,0,0,0,0,0,-0.0383129076787
0,0,-1.26736974657,0.378271461483,0,0,0,0,0.402822821961,0.438628242372,-1.13168922307
-0.104648865145,0,-0.823936154037,0,0,0,0,0.408136088991,0,0,-1.79062863415
0,0,0,0,0,0.437622049859,0.0830959580136,0.590985557114,0,0,0.192033909485
0,0,0,0.579835079676,1.45082383697,0,0,1.14934103192,0,0,0.0579297696801
0.275971794021,0,0,0,0,0,1.55793456139,0.0366374567202,0,0,-0.289496847168
0.309948756705,-0.133899642608,0,-0.905220261278,-0.840477104312,1.01023741864,-0.737415607863,0,0.933865526075,0,1.88347226192
0,-0.237768952477,0,0,0,0.107367942234,0,0,0,0,0.675158936864
0,0,-1.19946245044,0.807557898765,0,-0.853343720383,0,0,0,0,-0.756415193516
0,0,0,0,0,1.04685940307,0,-0.790051825303,0,0,0.0619597533101
0,0.914112831059,0,0,-1.70047270013,0,1.96999591649,0,0,0,-0.151339957703
0,0.395055332671,0,0.0180288673461,0,0,0,0,0,0,-0.605940304269
0,-0.858277376109,0.697166169802,-0.809380053556,0,0.823153414694,0,0,0,0,2.23821704579
0,0,0,0,0,0,0,0.581011596958,0,0,-0.362723048172
1.52247493883,0,0,0,0,0,0,0,-0.0355022594724,0,3.52272412611
0,0,-0.799832192042,0.91253359179,0,0,0,1.09924539534,0,0,0.499606419557
0,0,0,-1.28244976304,0,0,0,0,0,0,-0.797446669223
0.309396850802,0,0,0,0,0.635073112446,0,0,0,0.969574293577,0.610363690262
0.191125228247,-0.72616620559,-0.212979658733,0,0,0,0,0,-1.78677975405,0,0.561674213699
0,0,0,0,-0.976092841684,-0.159102585921,-0.491541046777,0,0,0,1.26681642163
0,1.02120967888,-1.2863293093,0,0,-0.178346637917,0,0.120100566201,0,0,-3.36185050464
-0.521857003685,0,0,0.756925321732,1.46058499421,1.05831502248,0,0,0,0,-0.976003881193
0,0,-0.497184238473,0,0,0,0,0,0,0.636562834162,-0.212326604609
0,0,0,0,-0.112510941559,0,1.06740703513,-0.354779268978,0,0,-0.555382143821
-0.609918933822,0,0,0,0,-0.961707036792,0,0,0,0,-2.21121184412
0.721178007512,-1.22829181489,0,0,0,0,0,-0.758376334604,0,-0.199477161923,4.83371975788
-1.48498761704,0,0,0,0.836703217208,-1.73898124005,0,0.124639528158,-1.88454392534,0,-5.63711403185
1.12748315623,0,0,0,0.456813519795,0,0,0.0783914685955,-0.403249737846,0,2.39966533002
0,0,-1.53477639397,0,0,0,1.27382301444,-1.70556152244,0,0,-3.10309399008
0,0,0,0,0,1.30974617266,0,0,0,0,0.615139648564
0,0,1.2080392858,0,0,0,0,0,-0.0501136331804,1.66173153616,1.02154588121
-0.73271395731,-0.70193236608,0,0.155493202431,0,0,0,0,0,0.982885186614,-1.00668279458
0,-0.21271397293,0,1.50547682801,0,-0.947922432653,1.19618832377,0,-0.150623299773,0.34215788723,1.14142813623
0,0.922706278853,0,0,0,-0.726133575536,0,0,0.0242822840034,0,-1.12415378362
0,0.493256755246,0,0.0420682511917,0,0,0,0,0,0,-1.13717717581
-0.222093550799,0,0,0,0,0,-1.04309057813,0.652131084858,1.1714680766,0,0.0805197374222
-0.443761959065,0,0.716611040177,0.23532490575,-0.516686888639,-1.28811634904,0,0,0.562154084326,0,-1.05711318079
0,0,0,0,0,0,-0.0127592857089,0,0,0,0.0633363934073
-1.20258436279,1.90339731066,0,0,-0.254613497031,0,0.925241816747,0,0,0,-4.85306322686
-1.55651515046,0,0,0,0,0,0,0.0687082465312,0,0.558735849511,-4.25060588597
0,0,0,0,0,0.541321430295,0,0,0.823993635163,0,0.297434269268
0,0,0,0,0,0,0,0,0,-0.332561353263,0.446153394171
0,0,-0.248781573441,0,-0.0336886731311,0.84102439051,0,0,0,-1.42453593487,0.404889456511
0,0,-0.338351580775,0,0,0,0,0,0,0,0.130764242669
0,0,0,-1.55559021895,0,0.435723627816,-0.923816724946,0,1.34016197975,0,-0.026540129162
0,0,0.706633248887,-0.225730460734,0,0,0,1.8644705179,1.80623513859,0,2.07636070556
-0.0746755315015,0,0,0,0,0,-1.68130738857,0,-1.57663592139,0,0.319502838585
0,0,0,0,-0.66378191777,0.117237757842,0,0.180960123224,0,0,0.318151108637
0,0.0900432053657,-0.503714780617,0,0,0,0,-1.55243392461,0,0,-1.75120779904
0,0,0,0.966983841571,0,0,-0.54814979899,0,0,-1.92232847345,1.67999246309
0,0.422860914617,0,0,-0.548109400024,0.689031108575,0,0,0,0,0.214284879821
0.065897370317,-0.0453937681962,-1.49735169572,0,0,0,-0.817076906567,0,0.757269072389,0.207526715202,-1.90278299813
0.359236687133,0,0.643110252587,0,0,0,-0.0697628467402,0,0,0,1.6130119903
0,0,0.255508447883,0,-0.621207466054,-0.972777781588,0,0,0,1.12122647356,-0.235855098072
0,0.906641080446,0.407484365764,0,0.739075942664,-0.0856232288913,0.545677696851,0,0,0,-1.10209278248
0.647091404585,0,0.888882167471,0,0,0.929741212624,0,-0.328982441086,0.22412510316,0,3.21796699495
0,0,-0.37168221788,0.320395127566,1.24803280254,0,0,0,0,0,-1.50572348508
0,0,0.577253813032,-0.721115232613,0.740716697118,0,0.106546680312,0,0,0,-0.533013763204
0,-1.90226549293,0,-0.264445926077,0,0,-1.45236924049,1.00252157726,0,-0.373546204324,4.6888155494
0,-2.99354735659,0,0,1.00714880152,1.50684146462,-1.2643641972,0,-0.019676486713,-1.88811649979,7.79116308501
0,0,1.54279562691,0,0.227868026255,0,-1.79007884343,0,0.457641642213,0,2.4405099615
0,0,0,0,0.108538095561,0,0.542725019604,0,-0.155119444196,0,-0.758607360378
0,0,0,0,0,0,0,0.163881678751,0,0,-0.524437357842
0,0,0.0132363415466,0,0,0,0,0,0.675012896495,0,0.352041230331
0,0,0,0.335507385634,0,0,-0.699498346856,0,0,0,-0.0427744259418
0,0,0,0,0,0.950845052137,0,0,-1.74546150293,0,-0.318661224532
0.376489765339,0,-0.0928639444435,0,0.838620507693,0,0,0.269925452678,0,0,0.595146498191
0,0,0,0,0,0.47349810003,0,-0.547939700809,-1.38836927199,0,-1.11658822164
0,0,0,0,0,0,0,0,0,-1.98989104351,-0.158166712194
0,0,0,0,-1.15151744968,0,-0.523548348447,-0.324943530397,0.0687642618285,0,0.655267837561
0,0,0,0.431000711079,0,0,1.40250733287,1.22615670316,0,0,0.784953446704
0,0,1.15717275898,0,1.70642456149,0,-0.858861973437,0,0,0,-0.547864948431
0,0,0,0,0,0.652159917785,0.501260375324,0,0,0,0.234967701616
0,0,0,-0.919715327356,0,0,1.05531277445,-0.414733691607,0,0,-0.8223733269
0,0,-2.35818279483,0,0,1.07362449802,0,0,0,-1.07940766724,-2.43745461706
-0.174093993276,-0.27679346462,0,0,0,0,0.438633453318,-0.398133223192,0,0,-1.09202610019
-1.46292158713,0,-1.12690979977,0,0.266068388277,1.00810791925,0,0,0,0.385488695806,-4.16204255594
0,0.290679484581,-0.948764996315,-1.02378805423,0.226389316117,0,0.0513783793971,0,0,-0.0623367410453,-3.2507974212
0,-1.60232404706,0,-2.21448251057,0.541671952974,0.161956534983,0.992226568156,0,0,0,1.07645490951
2.04734618961,0,0,0.922210878581,0,0,0,0,0,0,6.48876641346
0,0,-1.66159368074,0,0,0,0,0,0,0,-2.25185816823
0,0,0,-1.41256571647,0,-1.83060881907,0,0.715435398159,-0.335956961434,0,-2.55141954123
0,0,-1.17191392648,-1.68607370776,0,0,0,0,0,0.525416774122,-2.86488653008
0,0.185724771734,0,0,0,-0.365697239052,0,0,0,0,0.193592564799
0,0,1.03734111623,0,-2.01467915341,1.46250901767,1.08394150765,0,0.302776086441,0.539206661883,2.71520541396
-0.07720788933,0,0,0,-0.0815444787912,0,0,0,0,1.78671887016,-1.24905552365
0,0,0,0,0.867701642571,0,0,1.20936093125,0,0.297661594929,0.37885224521
-0.154265506441,0,0,0.382055291962,0,0,0,0,0,0,-0.327461905072
0,0,-1.40753705681,0,0,0,1.32518360717,0,0,1.12928852522,-1.40710604555
0,0,0,0,0,0.40596706555,1.3578575332,0,0,0,-0.247428421025
0,0.813314905154,0,0,0,-1.30016532441,0,0,0,-0.957960560306,-1.50662760201
0,0,0,0.975440594532,0,0,0,0.0214820541981,-0.153613306941,0,1.48081107375
0,-0.0450841221608,0,-1.04293079991,0.868488183342,0,0,0.934372054655,0,-0.912937316951,-0.507150901913
0,-0.132080669301,0.885629902687,0,1.19983141573,0,0,0,0,1.05943285003,-0.0548963831959
0,0,0,0,0,0,0,0,0,0,0.307488366544
0,0,-0.201419234641,0,0,0,-0.564070064145,0,0,0,0.387896094631
0,0.542803843064,0.643594356391,0,0,-1.13963617442,0,-0.29755249151,-2.21255219258,0,-1.55231656341
0,0,0,0,0.910155761572,0,-0.933640110651,-1.02974023285,-2.12234157014,-0.596847764027,-1.38940260105
